-- PostgreSQL INSERT statements from SQLite data
-- Run this in Supabase SQL Editor after creating the schema

-- Data for users
INSERT INTO users (id, name, email, password, role, phone, address, city, created_at, updated_at) VALUES (1, 'Admin', 'admin@ibnsina.tn', '$2a$12$HxB5t3VhH00Rfd/SFYhtpO8MbkMIBR8d6AWpBjyby6f/8n6fIygEq', 'customer', '12345678', 'ste 1', NULL, '2026-06-23T07:09:53.000Z', '2026-06-23T07:09:53.000Z');
INSERT INTO users (id, name, email, password, role, phone, address, city, created_at, updated_at) VALUES (2, 'Ibn Sina Staff', 'adelmoula9hwa1234@gmail.com', '$2a$12$nuQLFB81QVcWHGPiWIqO4enDC/3T/HhZmN0Z9W9Qa22iLfiGmj22e', 'staff', NULL, NULL, NULL, '2026-06-15T07:37:14.000Z', '2026-06-15T07:37:14.000Z');
INSERT INTO users (id, name, email, password, role, phone, address, city, created_at, updated_at) VALUES (3, 'mouHamad ta', 'tata727105@gmail.com', '$2a$12$CN9GnFI4eZO9rgF/ljTeoOjb7jrwqjoFWsNJhKGtswwVuCfXMNsSq', 'staff', '12345678', 'ste 1', NULL, '2026-06-25T12:49:18.000Z', '2026-06-25T12:49:18.000Z');

-- Data for categories
INSERT INTO categories (id, name, slug, description, icon, parent_id, sort_order, is_active, created_at) VALUES (1, 'Books', 'books', 'Rare and educational books', 'menu_book', NULL, 1, 1, '2026-06-15T07:37:14.000Z');
INSERT INTO categories (id, name, slug, description, icon, parent_id, sort_order, is_active, created_at) VALUES (2, 'Stationery', 'stationery', 'Writing instruments and desk supplies', 'edit', NULL, 2, 1, '2026-06-15T07:37:14.000Z');
INSERT INTO categories (id, name, slug, description, icon, parent_id, sort_order, is_active, created_at) VALUES (3, 'Art Supplies', 'art-supplies', 'Professional art and drawing materials', 'palette', NULL, 3, 1, '2026-06-15T07:37:14.000Z');
INSERT INTO categories (id, name, slug, description, icon, parent_id, sort_order, is_active, created_at) VALUES (4, 'Tech', 'tech', 'Educational technology accessories', 'devices', NULL, 4, 1, '2026-06-15T07:37:14.000Z');
INSERT INTO categories (id, name, slug, description, icon, parent_id, sort_order, is_active, created_at) VALUES (5, 'Gifts', 'gifts', 'Curated gift sets and bundles', 'redeem', NULL, 5, 1, '2026-06-15T07:37:14.000Z');
INSERT INTO categories (id, name, slug, description, icon, parent_id, sort_order, is_active, created_at) VALUES (6, 'Pens & Pencils', 'pens-pencils', 'blabla bla', NULL, 2, 1, 1, '2026-06-15T07:37:14.000Z');
INSERT INTO categories (id, name, slug, description, icon, parent_id, sort_order, is_active, created_at) VALUES (7, 'Notebooks', 'notebooks', 'flrlrl', NULL, 2, 2, 1, '2026-06-15T07:37:14.000Z');
INSERT INTO categories (id, name, slug, description, icon, parent_id, sort_order, is_active, created_at) VALUES (8, 'Desk Organizers', 'desk-organizers', 'fjfjjf', NULL, 2, 3, 1, '2026-06-15T07:37:14.000Z');

-- Data for brands
INSERT INTO brands (id, name, slug, logo_url, is_active, created_at) VALUES (1, 'Pilot', 'pilot', NULL, 1, '2026-06-15T07:37:14.000Z');
INSERT INTO brands (id, name, slug, logo_url, is_active, created_at) VALUES (2, 'Stabilo', 'stabilo', NULL, 1, '2026-06-15T07:37:14.000Z');
INSERT INTO brands (id, name, slug, logo_url, is_active, created_at) VALUES (3, 'Lamy', 'lamy', NULL, 1, '2026-06-15T07:37:14.000Z');
INSERT INTO brands (id, name, slug, logo_url, is_active, created_at) VALUES (4, 'Oxford', 'oxford', NULL, 1, '2026-06-15T07:37:14.000Z');
INSERT INTO brands (id, name, slug, logo_url, is_active, created_at) VALUES (5, 'Canson', 'canson', NULL, 1, '2026-06-15T07:37:14.000Z');
INSERT INTO brands (id, name, slug, logo_url, is_active, created_at) VALUES (6, 'Moleskine', 'moleskine', NULL, 1, '2026-06-15T07:37:14.000Z');
INSERT INTO brands (id, name, slug, logo_url, is_active, created_at) VALUES (7, 'Muji', 'muji', NULL, 1, '2026-06-15T07:37:14.000Z');
INSERT INTO brands (id, name, slug, logo_url, is_active, created_at) VALUES (8, 'Baseus', 'baseus', NULL, 1, '2026-06-15T07:37:14.000Z');
INSERT INTO brands (id, name, slug, logo_url, is_active, created_at) VALUES (9, 'steadler', 'steadler', NULL, 1, '2026-06-25T10:43:30.000Z');

-- Data for products
INSERT INTO products (id, name, slug, description, price, sale_price, stock_qty, category_id, brand_id, badge, is_featured, image_url, specifications, is_active, created_at, updated_at, original_price, promotion_end_date, promotion_type) VALUES (1, 'Executive Fountain Pen Set', 'executive-fountain-pen-set', 'A premium fountain pen set designed for the discerning writer. Includes two nibs.', 120, NULL, 25, 6, 1, 'premium', 1, 'https://images.unsplash.com/photo-1583485088034-697ab6a0800a?auto=format&fit=crop&w=800&q=80', NULL, 0, '2026-06-15T07:37:14.000Z', '2026-06-15T07:37:14.000Z', NULL, NULL, 'none');
INSERT INTO products (id, name, slug, description, price, sale_price, stock_qty, category_id, brand_id, badge, is_featured, image_url, specifications, is_active, created_at, updated_at, original_price, promotion_end_date, promotion_type) VALUES (2, 'Pastel Highlighter Set (6 Pack)', 'pastel-highlighter-set-6-pack', 'Six soft pastel-tone highlighters ideal for annotating textbooks and notes.', 19.5, 14, 80, 6, 2, 'sale', 1, 'https://images.unsplash.com/photo-1582719478250-c89cae4dc85b?auto=format&fit=crop&w=800&q=80', NULL, 1, '2026-06-15T07:37:14.000Z', '2026-06-15T07:37:14.000Z', NULL, NULL, 'percentage');
INSERT INTO products (id, name, slug, description, price, sale_price, stock_qty, category_id, brand_id, badge, is_featured, image_url, specifications, is_active, created_at, updated_at, original_price, promotion_end_date, promotion_type) VALUES (3, 'Leather Bound Journal A5', 'leather-bound-journal-a5', 'Handcrafted A5 leather journal with 200 cream-lined pages.', 35, NULL, 40, 7, 4, 'none', 0, 'https://images.unsplash.com/photo-1544816145-5a21b96b929b?auto=format&fit=crop&w=800&q=80', NULL, 0, '2026-06-15T07:37:14.000Z', '2026-06-15T07:37:14.000Z', NULL, NULL, 'none');
INSERT INTO products (id, name, slug, description, price, sale_price, stock_qty, category_id, brand_id, badge, is_featured, image_url, specifications, is_active, created_at, updated_at, original_price, promotion_end_date, promotion_type) VALUES (4, 'Rollerball Pen Fine Point', 'rollerball-pen-fine-point', 'Smooth writing rollerball pen with refillable ink cartridge.', 22, NULL, 60, 1, 1, 'none', 0, 'https://images.unsplash.com/photo-1582719478250-c89cae4dc85b?auto=format&fit=crop&w=800&q=80', NULL, 1, '2026-06-15T07:37:14.000Z', '2026-06-15T07:37:14.000Z', NULL, NULL, 'none');
INSERT INTO products (id, name, slug, description, price, sale_price, stock_qty, category_id, brand_id, badge, is_featured, image_url, specifications, is_active, created_at, updated_at, original_price, promotion_end_date, promotion_type) VALUES (5, 'Classic Hardcover Journal - Navy Blue Edition', 'classic-hardcover-journal-navy', 'Navy blue hardcover journal with elastic closure and ribbon bookmark.', 24, NULL, 55, 7, 4, 'bestseller', 1, 'https://images.unsplash.com/photo-1512820790803-83ca734da794?auto=format&fit=crop&w=800&q=80', NULL, 1, '2026-06-15T07:37:14.000Z', '2026-06-15T07:37:14.000Z', NULL, NULL, 'none');
INSERT INTO products (id, name, slug, description, price, sale_price, stock_qty, category_id, brand_id, badge, is_featured, image_url, specifications, is_active, created_at, updated_at, original_price, promotion_end_date, promotion_type) VALUES (6, 'Premium Fine-Liner Pen Set - Assorted Colors', 'premium-fineliner-set', 'Set of 10 fine-liner pens in assorted ink colors. Archival quality.', 18.5, NULL, 70, 1, 1, 'none', 1, 'https://images.unsplash.com/photo-1582719478250-c89cae4dc85b?auto=format&fit=crop&w=800&q=80', NULL, 1, '2026-06-15T07:37:14.000Z', '2026-06-15T07:37:14.000Z', NULL, NULL, 'none');
INSERT INTO products (id, name, slug, description, price, sale_price, stock_qty, category_id, brand_id, badge, is_featured, image_url, specifications, is_active, created_at, updated_at, original_price, promotion_end_date, promotion_type) VALUES (7, 'Professional Sketchbook - Heavyweight Acid-Free Paper', 'professional-sketchbook-heavyweight', 'A4 sketchbook with 160g acid-free paper, spiral bound.', 32, NULL, 30, 1, 5, 'in_stock', 1, 'https://images.unsplash.com/photo-1582719478250-c89cae4dc85b?auto=format&fit=crop&w=800&q=80', NULL, 1, '2026-06-15T07:37:14.000Z', '2026-06-15T07:37:14.000Z', NULL, NULL, 'none');
INSERT INTO products (id, name, slug, description, price, sale_price, stock_qty, category_id, brand_id, badge, is_featured, image_url, specifications, is_active, created_at, updated_at, original_price, promotion_end_date, promotion_type) VALUES (8, 'Birch Wood Desk Organizer - Modular Design', 'birch-wood-desk-organizer', 'Eco-friendly birch wood desk organizer with modular compartments.', 45, NULL, 20, 8, NULL, 'none', 1, 'https://images.unsplash.com/photo-1586023492125-27b2c045efd7?auto=format&fit=crop&w=800&q=80', NULL, 1, '2026-06-15T07:37:14.000Z', '2026-06-15T07:37:14.000Z', NULL, NULL, 'none');
INSERT INTO products (id, name, slug, description, price, sale_price, stock_qty, category_id, brand_id, badge, is_featured, image_url, specifications, is_active, created_at, updated_at, original_price, promotion_end_date, promotion_type) VALUES (9, 'Canson Watercolor Album XL A5', 'canson-watercolor-album-xl-a5', '300g/m² cold-pressed watercolor paper, 20 sheets, spiral bound.', 20, NULL, 45, 1, 5, 'none', 0, 'https://images.unsplash.com/photo-1582719478250-c89cae4dc85b?auto=format&fit=crop&w=800&q=80', NULL, 1, '2026-06-15T07:37:14.000Z', '2026-06-15T07:37:14.000Z', NULL, NULL, 'none');
INSERT INTO products (id, name, slug, description, price, sale_price, stock_qty, category_id, brand_id, badge, is_featured, image_url, specifications, is_active, created_at, updated_at, original_price, promotion_end_date, promotion_type) VALUES (10, 'The Creative Act: A Way of Being', 'the-creative-act-way-of-being', 'A beautiful and gentle guide to the creative process by Rick Rubin.', 42, NULL, 15, 1, NULL, 'none', 1, 'https://images.unsplash.com/photo-1544947950-fa07a98d237f?auto=format&fit=crop&w=600&q=80', NULL, 1, '2026-06-15T07:37:14.000Z', '2026-06-15T07:37:14.000Z', NULL, NULL, 'none');
INSERT INTO products (id, name, slug, description, price, sale_price, stock_qty, category_id, brand_id, badge, is_featured, image_url, specifications, is_active, created_at, updated_at, original_price, promotion_end_date, promotion_type) VALUES (11, 'Show Your Work!', 'show-your-work', '10 ways to share your creativity and get discovered by Austin Kleon.', 29, NULL, 22, 1, NULL, 'none', 0, 'https://images.unsplash.com/photo-1532012197267-da84d127e765?auto=format&fit=crop&w=600&q=80', NULL, 1, '2026-06-15T07:37:14.000Z', '2026-06-15T07:37:14.000Z', NULL, NULL, 'none');
INSERT INTO products (id, name, slug, description, price, sale_price, stock_qty, category_id, brand_id, badge, is_featured, image_url, specifications, is_active, created_at, updated_at, original_price, promotion_end_date, promotion_type) VALUES (12, 'Atomic Habits', 'atomic-habits', 'An easy & proven way to build good habits & break bad ones.', 38, NULL, 40, 1, NULL, 'none', 1, 'https://images.unsplash.com/photo-1589829085413-56de8ae18c73?auto=format&fit=crop&w=600&q=80', NULL, 1, '2026-06-15T07:37:14.000Z', '2026-06-15T07:37:14.000Z', NULL, NULL, 'none');
INSERT INTO products (id, name, slug, description, price, sale_price, stock_qty, category_id, brand_id, badge, is_featured, image_url, specifications, is_active, created_at, updated_at, original_price, promotion_end_date, promotion_type) VALUES (13, 'Designing Design', 'designing-design', 'Kenya Hara''s profound exploration of design principles and minimalism.', 65, NULL, 8, 1, 7, 'none', 0, 'https://images.unsplash.com/photo-1512820790803-83ca734da794?auto=format&fit=crop&w=600&q=80', NULL, 1, '2026-06-15T07:37:14.000Z', '2026-06-15T07:37:14.000Z', NULL, NULL, 'none');
INSERT INTO products (id, name, slug, description, price, sale_price, stock_qty, category_id, brand_id, badge, is_featured, image_url, specifications, is_active, created_at, updated_at, original_price, promotion_end_date, promotion_type) VALUES (14, 'Grid Systems in Graphic Design', 'grid-systems-in-graphic-design', 'The visual communication handbook for professional designers.', 85, NULL, 12, 1, NULL, 'none', 0, 'https://images.unsplash.com/photo-1543002588-bfa74002ed7e?auto=format&fit=crop&w=600&q=80', NULL, 1, '2026-06-15T07:37:14.000Z', '2026-06-15T07:37:14.000Z', NULL, NULL, 'none');
INSERT INTO products (id, name, slug, description, price, sale_price, stock_qty, category_id, brand_id, badge, is_featured, image_url, specifications, is_active, created_at, updated_at, original_price, promotion_end_date, promotion_type) VALUES (15, 'Keep Going', 'keep-going-10-ways', '10 ways to stay creative in good times and bad by Austin Kleon.', 26, NULL, 18, 1, NULL, 'none', 0, 'https://images.unsplash.com/photo-1497633762265-9d179a990aa6?auto=format&fit=crop&w=600&q=80', NULL, 1, '2026-06-15T07:37:14.000Z', '2026-06-15T07:37:14.000Z', NULL, NULL, 'none');
INSERT INTO products (id, name, slug, description, price, sale_price, stock_qty, category_id, brand_id, badge, is_featured, image_url, specifications, is_active, created_at, updated_at, original_price, promotion_end_date, promotion_type) VALUES (16, 'Minimalist Fountain Pen', 'minimalist-fountain-pen', 'Refined matte finish writing instrument with smooth ink delivery.', 45, NULL, 25, 1, 3, 'none', 1, 'https://images.unsplash.com/photo-1582719478250-c89cae4dc85b?auto=format&fit=crop&w=800&q=80', NULL, 1, '2026-06-15T07:37:14.000Z', '2026-06-15T07:37:14.000Z', NULL, NULL, 'none');
INSERT INTO products (id, name, slug, description, price, sale_price, stock_qty, category_id, brand_id, badge, is_featured, image_url, specifications, is_active, created_at, updated_at, original_price, promotion_end_date, promotion_type) VALUES (17, 'Recycled Paper Notebook', 'recycled-paper-notebook', 'Plain eco-friendly pages bound in a sturdy recycled cover.', 12, NULL, 50, 7, 7, 'none', 0, 'https://images.unsplash.com/photo-1531346878377-a5be20888e57?auto=format&fit=crop&w=600&q=80', NULL, 1, '2026-06-15T07:37:14.000Z', '2026-06-15T07:37:14.000Z', NULL, NULL, 'none');
INSERT INTO products (id, name, slug, description, price, sale_price, stock_qty, category_id, brand_id, badge, is_featured, image_url, specifications, is_active, created_at, updated_at, original_price, promotion_end_date, promotion_type) VALUES (18, 'Leather Pen Pencil Case', 'leather-pen-pencil-case', 'Premium full-grain leather zipper case for your essential pens.', 34, NULL, 15, 6, 6, 'none', 0, 'https://images.unsplash.com/photo-1513542789411-b6a5d4f31634?auto=format&fit=crop&w=600&q=80', NULL, 1, '2026-06-15T07:37:14.000Z', '2026-06-15T07:37:14.000Z', NULL, NULL, 'none');
INSERT INTO products (id, name, slug, description, price, sale_price, stock_qty, category_id, brand_id, badge, is_featured, image_url, specifications, is_active, created_at, updated_at, original_price, promotion_end_date, promotion_type) VALUES (19, 'A5 Grid Refill Notebook', 'a5-grid-refill-notebook', 'Premium acid-free grid paper ideal for layouts and handwriting.', 8, NULL, 80, 7, 1, 'none', 0, 'https://images.unsplash.com/photo-1517842645767-c639042777db?auto=format&fit=crop&w=600&q=80', NULL, 1, '2026-06-15T07:37:14.000Z', '2026-06-15T07:37:14.000Z', NULL, NULL, 'none');
INSERT INTO products (id, name, slug, description, price, sale_price, stock_qty, category_id, brand_id, badge, is_featured, image_url, specifications, is_active, created_at, updated_at, original_price, promotion_end_date, promotion_type) VALUES (20, 'Solid Brass Ruler', 'solid-brass-ruler', 'A heavy, timeless 15cm ruler that patinates beautifully with age.', 29, NULL, 20, 8, 3, 'none', 0, 'https://images.unsplash.com/photo-1586075010923-2dd4570fb338?auto=format&fit=crop&w=600&q=80', NULL, 1, '2026-06-15T07:37:14.000Z', '2026-06-15T07:37:14.000Z', NULL, NULL, 'none');
INSERT INTO products (id, name, slug, description, price, sale_price, stock_qty, category_id, brand_id, badge, is_featured, image_url, specifications, is_active, created_at, updated_at, original_price, promotion_end_date, promotion_type) VALUES (21, 'Dual-Brush Pen Set', 'dual-brush-pen-set', 'Double-sided markers featuring flexible brush and fine-tips.', 48, NULL, 30, 6, 1, 'none', 0, 'https://images.unsplash.com/photo-1513364776149-6b21bff31408?auto=format&fit=crop&w=600&q=80', NULL, 0, '2026-06-15T07:37:14.000Z', '2026-06-15T07:37:14.000Z', NULL, NULL, 'none');
INSERT INTO products (id, name, slug, description, price, sale_price, stock_qty, category_id, brand_id, badge, is_featured, image_url, specifications, is_active, created_at, updated_at, original_price, promotion_end_date, promotion_type) VALUES (22, 'Premium Watercolor Set', 'premium-watercolor-set', 'Artist-grade watercolor pan set with excellent lightfastness.', 75, NULL, 12, 3, 5, 'none', 0, 'https://images.unsplash.com/photo-1513364776149-6b21bff31408?auto=format&fit=crop&w=600&q=80', NULL, 0, '2026-06-15T07:37:14.000Z', '2026-06-15T07:37:14.000Z', NULL, NULL, 'none');
INSERT INTO products (id, name, slug, description, price, sale_price, stock_qty, category_id, brand_id, badge, is_featured, image_url, specifications, is_active, created_at, updated_at, original_price, promotion_end_date, promotion_type) VALUES (23, 'Acrylic Color Tubes (12 Pack)', 'acrylic-color-tubes-12-pack', 'Vibrant high-viscosity acrylic paints with rich pigments.', 54, NULL, 16, 3, 5, 'none', 0, 'https://images.unsplash.com/photo-1607604276583-eef5d076aa5f?auto=format&fit=crop&w=600&q=80', NULL, 1, '2026-06-15T07:37:14.000Z', '2026-06-15T07:37:14.000Z', NULL, NULL, 'none');
INSERT INTO products (id, name, slug, description, price, sale_price, stock_qty, category_id, brand_id, badge, is_featured, image_url, specifications, is_active, created_at, updated_at, original_price, promotion_end_date, promotion_type) VALUES (24, 'Mixed Media Sketchpad', 'mixed-media-sketchpad', 'Heavyweight paper suited for ink, watercolor, and sketches.', 22, NULL, 35, 3, 5, 'none', 0, 'https://images.unsplash.com/photo-1513364776149-6b21bff31408?auto=format&fit=crop&w=600&q=80', NULL, 0, '2026-06-15T07:37:14.000Z', '2026-06-15T07:37:14.000Z', NULL, NULL, 'none');
INSERT INTO products (id, name, slug, description, price, sale_price, stock_qty, category_id, brand_id, badge, is_featured, image_url, specifications, is_active, created_at, updated_at, original_price, promotion_end_date, promotion_type) VALUES (25, 'Soft Pastel Chalk Set', 'soft-pastel-chalk-set', 'Velvety smooth pastels with intense color laydown and easy blending.', 39, NULL, 25, 3, 2, 'none', 0, 'https://images.unsplash.com/photo-1513364776149-6b21bff31408?auto=format&fit=crop&w=600&q=80', NULL, 0, '2026-06-15T07:37:14.000Z', '2026-06-15T07:37:14.000Z', NULL, NULL, 'none');
INSERT INTO products (id, name, slug, description, price, sale_price, stock_qty, category_id, brand_id, badge, is_featured, image_url, specifications, is_active, created_at, updated_at, original_price, promotion_end_date, promotion_type) VALUES (26, 'Artist Paint Brush Kit', 'artist-paint-brush-kit', 'Multi-shape professional synthetic brush set for fine details.', 29, NULL, 40, 3, 5, 'none', 0, 'https://images.unsplash.com/photo-1513364776149-6b21bff31408?auto=format&fit=crop&w=600&q=80', NULL, 0, '2026-06-15T07:37:14.000Z', '2026-06-15T07:37:14.000Z', NULL, NULL, 'none');
INSERT INTO products (id, name, slug, description, price, sale_price, stock_qty, category_id, brand_id, badge, is_featured, image_url, specifications, is_active, created_at, updated_at, original_price, promotion_end_date, promotion_type) VALUES (27, 'Drafting Pencil 0.5mm', 'drafting-pencil-0-5mm', 'All-metal knurled grip mechanical pencil for engineering level precision.', 18, NULL, 60, 3, 1, 'none', 0, 'https://images.unsplash.com/photo-1582719478250-c89cae4dc85b?auto=format&fit=crop&w=600&q=80', NULL, 1, '2026-06-15T07:37:14.000Z', '2026-06-15T07:37:14.000Z', NULL, NULL, 'none');
INSERT INTO products (id, name, slug, description, price, sale_price, stock_qty, category_id, brand_id, badge, is_featured, image_url, specifications, is_active, created_at, updated_at, original_price, promotion_end_date, promotion_type) VALUES (28, 'Mechanical Keyboard TKL', 'mechanical-keyboard-tkl', 'Tactile brown switches with backlighting in a space-saving layout.', 189, NULL, 14, 4, 8, 'none', 1, 'https://images.unsplash.com/photo-1587829741301-dc798b83add3?auto=format&fit=crop&w=600&q=80', NULL, 1, '2026-06-15T07:37:14.000Z', '2026-06-15T07:37:14.000Z', NULL, NULL, 'none');
INSERT INTO products (id, name, slug, description, price, sale_price, stock_qty, category_id, brand_id, badge, is_featured, image_url, specifications, is_active, created_at, updated_at, original_price, promotion_end_date, promotion_type) VALUES (29, 'Ergonomic Wireless Mouse', 'ergonomic-wireless-mouse', 'Precision tracking mouse designed to reduce wrist strain.', 89, NULL, 20, 4, 8, 'none', 0, 'https://images.unsplash.com/photo-1615663245857-ac93bb7c39e7?auto=format&fit=crop&w=600&q=80', NULL, 1, '2026-06-15T07:37:14.000Z', '2026-06-15T07:37:14.000Z', NULL, NULL, 'none');
INSERT INTO products (id, name, slug, description, price, sale_price, stock_qty, category_id, brand_id, badge, is_featured, image_url, specifications, is_active, created_at, updated_at, original_price, promotion_end_date, promotion_type) VALUES (30, 'Aluminum Laptop Stand', 'aluminum-laptop-stand', 'Elevates your screen to eye level to improve posture and cooling.', 65, NULL, 25, 4, 8, 'none', 0, 'https://images.unsplash.com/photo-1527443224154-c4a3942d3acf?auto=format&fit=crop&w=600&q=80', NULL, 1, '2026-06-15T07:37:14.000Z', '2026-06-15T07:37:14.000Z', NULL, NULL, 'none');
INSERT INTO products (id, name, slug, description, price, sale_price, stock_qty, category_id, brand_id, badge, is_featured, image_url, specifications, is_active, created_at, updated_at, original_price, promotion_end_date, promotion_type) VALUES (31, 'Desk Pad Felt Medium', 'desk-pad-felt-medium', 'Warm, textured premium merino wool felt mat for keyboard and mouse.', 39, NULL, 18, 4, 7, 'none', 0, 'https://images.unsplash.com/photo-1616440347437-b1c73416efc2?auto=format&fit=crop&w=600&q=80', NULL, 1, '2026-06-15T07:37:14.000Z', '2026-06-15T07:37:14.000Z', NULL, NULL, 'none');
INSERT INTO products (id, name, slug, description, price, sale_price, stock_qty, category_id, brand_id, badge, is_featured, image_url, specifications, is_active, created_at, updated_at, original_price, promotion_end_date, promotion_type) VALUES (32, 'Dual Port USB-C Charger', 'dual-port-usb-c-charger', '65W fast charger compatible with laptops, tablets, and phones.', 49, NULL, 30, 4, 8, 'none', 0, 'https://images.unsplash.com/photo-1625842268584-8f3296236761?auto=format&fit=crop&w=600&q=80', NULL, 1, '2026-06-15T07:37:14.000Z', '2026-06-15T07:37:14.000Z', NULL, NULL, 'none');
INSERT INTO products (id, name, slug, description, price, sale_price, stock_qty, category_id, brand_id, badge, is_featured, image_url, specifications, is_active, created_at, updated_at, original_price, promotion_end_date, promotion_type) VALUES (33, 'Noise-Cancelling Earbuds', 'noise-cancelling-earbuds', 'Active noise-cancelling wireless earbuds with deep soundstage.', 129, NULL, 15, 4, 8, 'none', 0, 'https://images.unsplash.com/photo-1590658268037-6bf12165a8df?auto=format&fit=crop&w=600&q=80', NULL, 1, '2026-06-15T07:37:14.000Z', '2026-06-15T07:37:14.000Z', NULL, NULL, 'none');
INSERT INTO products (id, name, slug, description, price, sale_price, stock_qty, category_id, brand_id, badge, is_featured, image_url, specifications, is_active, created_at, updated_at, original_price, promotion_end_date, promotion_type) VALUES (34, 'Aromatic Soy Candle Set', 'aromatic-soy-candle-set', 'Hand-poured candle set infused with pure essential oils.', 34, NULL, 40, 5, 7, 'none', 0, 'https://images.unsplash.com/photo-1603006905003-be475563bc59?auto=format&fit=crop&w=600&q=80', NULL, 1, '2026-06-15T07:37:14.000Z', '2026-06-15T07:37:14.000Z', NULL, NULL, 'none');
INSERT INTO products (id, name, slug, description, price, sale_price, stock_qty, category_id, brand_id, badge, is_featured, image_url, specifications, is_active, created_at, updated_at, original_price, promotion_end_date, promotion_type) VALUES (35, 'Matcha Starter Ceremony Kit', 'matcha-starter-ceremony-kit', 'Traditional bamboo whisk, ceramic bowl, and scoop set.', 79, NULL, 7, 5, 7, 'none', 1, 'https://images.unsplash.com/photo-1536256263959-770b48d82b0a?auto=format&fit=crop&w=600&q=80', NULL, 1, '2026-06-15T07:37:14.000Z', '2026-06-15T07:37:14.000Z', NULL, NULL, 'none');
INSERT INTO products (id, name, slug, description, price, sale_price, stock_qty, category_id, brand_id, badge, is_featured, image_url, specifications, is_active, created_at, updated_at, original_price, promotion_end_date, promotion_type) VALUES (36, 'Minimalist Leather Cardholder', 'minimalist-leather-cardholder', 'Sleek pocket card holder crafted from full-grain leather.', 45, NULL, 25, 5, 6, 'none', 0, 'https://images.unsplash.com/photo-1627124118123-e4d3eaa97f3f?auto=format&fit=crop&w=600&q=80', NULL, 0, '2026-06-15T07:37:14.000Z', '2026-06-15T07:37:14.000Z', NULL, NULL, 'none');
INSERT INTO products (id, name, slug, description, price, sale_price, stock_qty, category_id, brand_id, badge, is_featured, image_url, specifications, is_active, created_at, updated_at, original_price, promotion_end_date, promotion_type) VALUES (37, 'Curated Tea Gift Box', 'curated-tea-gift-box', 'Selection of 6 premium organic loose-leaf tea canisters.', 59, NULL, 15, 5, 7, 'none', 0, 'https://images.unsplash.com/photo-1576092768241-dec231879fc3?auto=format&fit=crop&w=600&q=80', NULL, 1, '2026-06-15T07:37:14.000Z', '2026-06-15T07:37:14.000Z', NULL, NULL, 'none');
INSERT INTO products (id, name, slug, description, price, sale_price, stock_qty, category_id, brand_id, badge, is_featured, image_url, specifications, is_active, created_at, updated_at, original_price, promotion_end_date, promotion_type) VALUES (38, 'Handcrafted Ceramic Mug', 'handcrafted-ceramic-mug', 'Wabi-sabi inspired handmade stoneware mug with unique glaze.', 28, NULL, 30, 5, 7, 'none', 0, 'https://images.unsplash.com/photo-1514432324607-a09d9b4aefdd?auto=format&fit=crop&w=600&q=80', NULL, 1, '2026-06-15T07:37:14.000Z', '2026-06-15T07:37:14.000Z', NULL, NULL, 'none');
INSERT INTO products (id, name, slug, description, price, sale_price, stock_qty, category_id, brand_id, badge, is_featured, image_url, specifications, is_active, created_at, updated_at, original_price, promotion_end_date, promotion_type) VALUES (39, 'Hourglass Brass Timer', 'hourglass-brass-timer', '30-minute visual focus tool with solid brass pillars.', 42, NULL, 20, 5, 6, 'none', 0, 'https://images.unsplash.com/photo-1618005182384-a83a8bd57fbe?auto=format&fit=crop&w=600&q=80', NULL, 1, '2026-06-15T07:37:14.000Z', '2026-06-15T07:37:14.000Z', NULL, NULL, 'none');
INSERT INTO products (id, name, slug, description, price, sale_price, stock_qty, category_id, brand_id, badge, is_featured, image_url, specifications, is_active, created_at, updated_at, original_price, promotion_end_date, promotion_type) VALUES (40, 'hh', 'jj', '', 30, NULL, 85, 1, 5, 'none', 0, 'data:image/png;base64,iVBORw0KGgoAAAANSUhEUgAAAOEAAADhCAMAAAAJbSJIAAAAgVBMVEX///8AAAAqKir5+fmCgoKHh4cYGBgVFRUGBgb29vbc3NwdHR38/PwTExMZGRkKCgrp6enU1NSRkZE7Ozvv7++/v78vLy+srKxqampPT0+4uLhzc3OlpaVeXl48PDxDQ0PJycmbm5tWVlYiIiI0NDRvb2/i4uJ8fHyWlpbPz8+7u7vXnmVIAAAIFElEQVR4nO2dDXeyIBSAZTU/IqSPVWut1bbW3vb/f+CLqQgIai4Fd+5zzs6pdMYTeYULkucBAAAAAAAAAAAAAAAAAAAAAAAAAAAAAAAAAAAAAAAAAAC05mmz2ES2C9ElG4IQIhvbxeiMyxIhjLGP3i62i9IJs2dWfyimxA8Rep7ZLs79+Zf4IYpDiq+P/tku0J15QRk+xkH28MV2oe7IfIs4lPKH27ntgt2Jp13hF7JIg4unuyfbhbsD03ckQsMgEJ+/T20X8Les1pJf8kdC8aX1ynYRf8VkK8p8zdaIYEzXsy/x5e3EdjFbE41FkcPFGz0gzK6HDyPvchA3jQfakHsVJa5NNWYYh5Qww6wBx3m1Xdg2PIoGi0TqWoes1faQPlmIOzzaLWwbZkLx9+f0NWZI2fUwNfS8817YZ3jNuAkv+9sxfy35lsYxyQ097/jG9xpeuOGGQl+JGRISCIbsdByaYVH2zPBDDJPMkDVrfNHQiz5UQ3Gre0S8iTLRRJA00kh1yCNSYej2paNkOBa3KpEmZfzHDJM2zd82zNo0An/NMEaUDNPwnF6x6+uQtWlOTQxn5w5LezvHU5ZcahRp1vWGSdrqdOy20DeQ95EeowbfUtamqTWMsiuII/0qoY/kb0pX/FIsJSSsOQ9Hm5gf0YV+FW92XTnwXK/BMAiCmkgjdx2R7QR5cgIiGuQQgnbnacQYzU2Gsd5wPkr+bXreoYDw4yVZD6unY5rGRmFBUqYF2zI11SEjMNRhcgqzPmMYC8e7brKWII+kLmxKmmVKcr0GQ9+PTYZ53tgvH3Zh5XTc4HJJUJB+6tt5RaQxtUvzvLHGEOH+T8f5QVMObojQ7qI3pL6vN7zwvLHOkMWwfhPks5345vvnsmGObHiimAT6dmlBYfgspjnQrsfT8Z/4xmQlJJ3qDBFGof481Bk+eispI9fXeNVP6V2bGxIcqz3gSkP10/zpwW8qf3OuQyuNDR8oizT6/qHJUBrYYWdE9+Mc4iXikDVEmhteX7vNkF14xKi26NywGGn55EOcHRuyC+Unf23dueED/zCLchaG5A6GxehbkcYqEuQPXQvmhs/i2OajWsiy4XSkGE5zzZJhgZioe3ru2VB6zWz4lX0Q02uzS6rDadYSe/oy/rc8mOGiYR6Jchv5W5orypFkSIZFJMpdlPOQK4qRZECGRSTiJmqkKRRHmn6K44ZCJBI81FhabOKRZCCG4sQ1waJ8tRA2epc39TDOGlKxMyc6aK6H4mZvQ+UDuWr4KBZ6WhpdU6740g6RciTpXVwx/JBy1VL59W0aeZfzh+OGSmJMLr3eUN3pmr5z1lCZNKKU3WBY2u3VWcNvZR6eWnKTYWnHp28nDT/UQYaSoNGwvOvkwzlDWp6AV55xYDT0pqWu+4q6ZDhG743+12yo413uXFo1XJlHM6WvrtbQPIJ2lr8XNg2NzJff4lOt4feyYa7XQcMkb9woi9Es19unIaZNDK+ZzoZ5mia53r4MT4QiTOoNs2x100wUqZ8MjUgYENJ9rm3JahAHdYa8edk811a6nqqgmGJC3toU+iaWNKB131JhaP+WbOJ39ShhYsi6nm0L3pglxSGOKw1ZN4+0MKQh3VTl7BPDsAfDNQ0RqarD4zIZ2G9Th5RUDtqz85B9cKdflb4JNVeL5ATEAaZtDNPT0dh6cOJ6mPbRKSmyES2y+o+G09EFw406atHKEIX6QXv7hsktoncxRGipu8nUtqEu39naUBn5SbFrqJtbQ28wpOV/L82hsWqoHXegRDWcZobSVS8xpBpDYdwjxaahdtAhVZQM81l+UiRhhkQniNQRbZuGptE1doUWDIVJhwchkoz1NZjgThbDOEJKC0MlEhWRZKw7CQdjyAupGT3LR98ajnI7a5jWoTYSZZFk+IYj8yj2IZlUOnxDeZafwm42fMNXhIhxK4sxr0M3TAhNisbLxNAM09bN7YIDMtTXYq3gkAx1tVgvOCjDsk8DQScNS3MTW6Cbm+iOYWl+aQs080vB0CHDZJ43MbcA/oIhjrGPqxUHbhgj6tO4cp+BG2Li+35Quc/ADMcv8nMSB3ID56XJXH2nDZWVhqgcaMZRo7sR3Db0vHOxWhTF4nd0m4zCDMLwm5fJcL/FMb8PhQq33q2P120VhtJEDouG5z3yc3DMHwaCIV+1jdVhkH1L85XaUsPAL47BH/HFiawajooKNNehl9+gRQOSGu6EbKKxDpNqLEYALBnKN6tX3vc02SIaJveuyUsJVBsKCXIrhqUBteo7u34+2beRVaF0F2GdIR9qs2A42yOVakPPW2CElfvrag0R2s+sGGpvAqkz9KKzOmjWwDBNkPdt+KJtPtcalmlkiMhL34YfumJ0aMjfsTdDAx0aIjAEw/sY0jsYVmcAbBuWaGFYTfeG+rs9+zP87Nyw3I6ppH7VlU39QUT2nRvObyoPbnBE3To3ZnpYxGVyqi9Gzq7J2kBR1SCxwqmf9c021dlATuNV5efb+oMlxL2tNBQ1GGxS+kg1/DQ5oGniaSdoOk4Kt65BYpg5VrDve8WvY+Xp2GIBspl++maGlVXbXs3FaRfw5uYPzdKK5tG3tjRB+3iw0ef7a27E6JKJJgj+ajHHSNPCsbwCpvzrDqyf+tt4MFP61vZ/HUL6hY4sjf07juKH5sQvfBSLcd0rHvAY5syvtKRtkjvGgzSGOfVLO6vF4r7xYLJYWD8BAQAAAAAAAAAAAAAAAAAAAAAAAAAAAAAAAAAAAAAAAABwkf+DK2kxAkAUMQAAAABJRU5ErkJggg==', NULL, 1, '2026-06-17T15:08:28.000Z', '2026-06-17T15:08:28.000Z', 30, NULL, 'none');
INSERT INTO products (id, name, slug, description, price, sale_price, stock_qty, category_id, brand_id, badge, is_featured, image_url, specifications, is_active, created_at, updated_at, original_price, promotion_end_date, promotion_type) VALUES (41, 'ryfvevhyve', 'fyyfy', 'stylo 430 blue', 20, 17.6, 100, 1, 9, 'none', 0, 'https://encrypted-tbn0.gstatic.com/images?q=tbn:ANd9GcTHf6eb1MQ5xOFUvUWirdx2c-HmciA_A2f7lPeg3avr0Q&s=10', NULL, 1, '2026-06-25T08:03:11.000Z', '2026-06-25T08:03:11.000Z', 20, '2027-01-22T16:00:00.000Z', 'percentage');

-- Skipping product_images (no data)

-- Data for homepage_sections
INSERT INTO homepage_sections (id, title, slug, description, order_num, is_active, created_at) VALUES (2, 'free', 'free', 'gjgj', 2, 1, '2026-06-29T07:55:29.000Z');

-- Data for homepage_section_products
INSERT INTO homepage_section_products (id, section_id, product_id, created_at) VALUES (1, 2, '28', '2026-06-29T07:55:29.000Z');
INSERT INTO homepage_section_products (id, section_id, product_id, created_at) VALUES (2, 2, '12', '2026-06-29T07:55:29.000Z');
INSERT INTO homepage_section_products (id, section_id, product_id, created_at) VALUES (3, 2, '16', '2026-06-29T07:55:29.000Z');
INSERT INTO homepage_section_products (id, section_id, product_id, created_at) VALUES (4, 2, '35', '2026-06-29T07:55:29.000Z');
INSERT INTO homepage_section_products (id, section_id, product_id, created_at) VALUES (5, 2, '10', '2026-06-29T07:55:29.000Z');
INSERT INTO homepage_section_products (id, section_id, product_id, created_at) VALUES (6, 2, '8', '2026-06-29T07:55:29.000Z');
INSERT INTO homepage_section_products (id, section_id, product_id, created_at) VALUES (7, 2, '7', '2026-06-29T07:55:29.000Z');

-- Data for banners
INSERT INTO banners (id, title, subtitle, image_url, link, is_active, sort_order, created_at) VALUES (3, 'Sp off', '55%', 'data:image/jpeg;base64,/9j/4AAQSkZJRgABAQAAAQABAAD/2wCEAA0JCgsKCA0LCgsODg0PEyAVExISEyccHhcgLikxMC4pLSwzOko+MzZGNywtQFdBRkxOUlNSMj5aYVpQYEpRUk8BDg4OExETJhUVJk81LTVPT09PT09PT09PT09PT09PT09PT09PT09PT09PT09PT09PT09PT09PT09PT09PT09PT//AABEIAGEA9gMBEQACEQEDEQH/xAAbAAEAAgMBAQAAAAAAAAAAAAAABQYCBAcDAf/EAEAQAAEDAwEEBgcFBwMFAAAAAAEAAgMEBREGEhYhMRNBUVST0hQiU2GBkZIjcaHB0QcVMkJSY7FVwuEkJ2Jzsv/EABoBAQACAwEAAAAAAAAAAAAAAAADBAECBQb/xAA0EQABAwIDBwMDAwMFAAAAAAAAAQIDBBESEzEFFSFBUVKxFCIyYXHwgcHRIzPhNUJykaH/2gAMAwEAAhEDEQA/AOnIAgCAIAgCAIAgCAIAgCAIAgCAIAgCAIAgCAIAgCAIAgCAIAgCAIAgCAIAgCAIAgCAIAgCAIAgCAIAgCAIAgCAIAgCAIAgCAIAgCAIAgCAIDF8jI2F8j2sa3mXHACBOPBCGqNXWCneWSXFhI/oY54+bQVpmN6lpKKdUujTybrXTjv4biTj+xJ5UzGhtFO7Rvg+756e7+fAk8qxms6m276nt8DfPT3fz4EnlTNZ1G76nt8DfPT3fz4EnlTNZ1G76nt8DfPT3fz4EnlTNZ1G76nt8DfPT3f3eBJ5UzWdRu+p7PA3z09393gSeVM1nUbvqe3wN89Pd/PgSeVM1nUegqO3wN89Pd/PgSeVM1nUegqO3wN89Pd/PgSeVM1nUegqe3wN89Pd/PgSeVM1nUegqe3wN89Pd/d4EnlTNZ1G76nt8DfPT3f3eBJ5UzWdRu+p7fA3z09393gSeVM1nUegqO3wN89Pd/PgSeVM1nUegqO3wN89Pd/d4EnlTNZ1G76nt8DfPT3f3eBJ5UzWdR6Co7fA3z0938+BJ5UzWdR6Cp7fA3z0938+BJ5UzWdRu+p7fA3z0938+BJ5UzWdRu+p7fA3z0938+BJ5UzWdRu+p7fA3z0938+BJ5UzWdRu+p7fA3z0938+BJ5UzWdR6Cp7fBiNb6cJw245I/sSeVZzGmqUc7lsjfBJUF6tlx4UVbFK7+kHDvkeKy17XaKRSQSRfNLG/lbEQQBAec8zIIXzSuDY42lznHqA4lDKJdbIcc1HqSqvdW5znOZStd9lCDwA7T2lVHuVynfpYWwN+vUhHS4atEaWXS2Q1XVDo5BIx2HDrU7WoqWU5ks7muxNXiTtBPHWU4kaMO5OHYVVkYrFsd6iqG1MeJNeZs9G1R3LeFB0bexLjCg6NuOSXGFC1UOnbVSWmO4Xx78SAEMaSAM8hw4kq02JrW4nnAmrppZlipk0/OfIjL7DYmwRSWZ0heSdtjnE7Ix/5cVHJgt7C7Q+rV6pUJw/OhOy2HTtBbYKqvZMBIG5Ie4+sRnkFMscbWorjmMrKyaVY4rcL8kI68acomWoXS0TOkp+bmuOeHLIPPh2FRyRNw4mFukr5VmyKhLKb1Pp+wx2GluFx6VnSRMc9wkdjLh2BbpHHgRzivJW1a1DoYuSrbgnIiL3T6eipGm0SvfNtjaDnOI2cHt+Ciky7e1S/RrWOktOnA3bZpekZbxcL5MYYiA4Mzs4B5ZPb7gt2QpbE8rVO0XukyaZLr1t+cDxucOlf3fM63GUVLR6jdp/rHOP5vmtX5WH26klP6/Nakqe1ddDOtsVBDpKG5sbJ6Q9jCSXkjiRngsujbl4uZrDVyvrVgX48eRp6Zs8N1uT4qgO6CKMufsnBzyAz8/ktYWI93EsbSqVpokVmqqbWp7DRUFLS1du2zBIS1xc7a5jLSPxW00aNRHNIdm1j55HRzap+KY6TslDdpKsVjHnog3Z2XlvPP6LEDEfe5nalVJTYMtdbkHUQsjqZmNHqtkc0fcCVCvBTqRJiY1y80Q8+jb2LFzfCg6NvYlxhQdG3sS4woNhvYlxhQg7pXB0xp4T6jeDiOs9itxRWTEp5+vrsT8pi8E1+p4wy4AHUjmiCWxstmc17XNcWlpyCDxBUdi2r0VLKdN0HqaW6NfQVz9qpibtMeeb2cuPvH5qzG+/BTh1lOka4maKXIclKUQgPKqp4qqnkp52bcUrS17e0HqQyiqi3Qh9z9P/AOmRfN36rXA0l9RL3Dc/T3Xa4vm79UwIYWeReZidF6bPO0wn4u/VZshorlXU0rxo+2Q2ud9oomQVLRtjYJ9bHUcnsyo5mY2l3Z1V6eZL6LwUoPSLnHsrjpPegHSZQFvtGpbfUW5ltvkQ2WgMEhbtNcByz1gjtVtkzXJheeeqtnTRyrNTL/JramsEFDRC422QvpX4y0u2sZ5EHrC0mhRqYm6FjZ+0XyyZMye4sl0o6WtsFHHWVYpYwGO2zjidnlxVh7UcxEVbHHpp5Iahzo23Xj5IO9Xa2UVgFmtc3pBI2XPzkAZyTnkSfcoZJGtZgadCkpZ5qn1M6W5/n0JkPt7dGULrqCaboYtrAPPAxyUvtykxaFH+stc/J+V1KvdZdPyPo22lrw4zt6XaDsbHxVdyx8MJ2adK1EfnryW2mpNftBc9lFRBnCLpDnHbjh+alqfihQ2HhzXX1sUbpFTPSl4ujv8AtzTH+3F/kK4/+wh5qn/1N33cZ6PpJ49O1VVA0GoqS7osnHIYH45WYGqjFVDXa0zXVLWLo3X9z3daqt2in0FY1vpMDCWFpz/Cct/DgtsC5WFSJKuNK9Jo/iq+eCkd+zp+1LcOP8sf+5R0vMt7e0j/AF/YqtbJiuqf/a//AOiqrvkp3IP7Tfsng8OkWCUdJ70A6T3oCW01bjd7syF4PQRjblOers+KlhZicUNpVXp4VVNV4IXTcrTXP90QZ+936ronjbmQ0bp0crVD83fqsYUJElemin3c/T/+mRfN36rGBvQ29RL3GxQ6dtNuqhU0VEyGYAgOaTyPxWUaiaGrpnvSzlJUclkjCAIAgCAIARlAco1Vbf3Ze5o2NxDL9pH2AHq+BXOmZhcew2bUZ8CX1TgQ2VEdAZSwLbTHRs1JB6UZIp2MaH4DxtHHE8MhWUyVTicJ+82uXBxT9Dy1LqGkqrbHarVG4UrMZc4EZA5AA8fiViWVqphab0FBKyVZ5tf5PTUl8t9w0/S0lNK500ZZtAsIxhuCsyyNcxEQxQUU0NQ5704LcqeVWO0Xqnvmnp9PUtuuUryGRMD2Bj/4gO0K4kkasRrjzj6KsbUumiTmvQhr2dLG3kWgSek7Qxnbxjr58FFJlW9upfpfX5n9f4/p+xJW3VNvq7YLfqCMuAAb0myXB+OROOIKkbM1W4XlSo2ZNHLm0y/4NK7t0my3TC2SSGqIHRk7ZA4jt4cshaPSHD7dSxTLtBZUzk9vPQ9bhfLfNouG2xzE1TWRgt2DjIPHisukasWHmaQ0czK5ZlT23UzuuoKOLTdNbrRUydLGGNe9rXMOAOJz7z/lZdKmBGtU0p6CV1U6WdvDj9TDSupm0UlQy7VMr43gFhdl+CM5+efwWIZsN8Sm+0dnLJhWBv35GWmbxarRcLkXzuFPK5vQO6Nxy0F3V8QsxSNY5TWupKioijsnFNeP2PeSbQ0kjpHtlLnkuJ+14kpeBTRrNqNRETl/xKXns5dSqnfS/MZQyMoDpeiLZ6HZhUSNxNVHbORx2f5R+fxV+BmFn3PI7VqM2fCi8G8P5LKpzmhAEAQBAEAQBAEAQBAVfXVt9MtPpUbftaXLvvb1/qoJ2Ym3TkdTZNTlTYV0d5ObZVE9XcILjKC5atJWCnrIJLlcx/00ZIa0nAdjmT7lYhiRUxO0OLtOufG5IYtVJCmvmna+sbQPtMccMjthkjo2jj1Z6wt0ljctrFWSirImZuO6pyupF3mwstWoqFkYL6SomZsh/HHrDLT2/wDKjfFgeltC5TVzqimfi+SJ+2pYr7UWOySQsns8UnShxGxGzhjHb96nkcyPVDl0kdVVIqsfa31UgKaptt31dQei0LYacgtfE5rcOOHdQUCOa+RLIdN8U9NRvxuupNXq4WGz1wpJ7NHI4sD9pkTMYOe37lM97GLZUKFLT1VQzG2SyfdSJ0+bfddYTyR0TG0r4CWQvYMAjZHLl2/NRx4XyacC5WJNT0bWq73X1/7N+53nT1ur5qOWyte+J2CWxsweAP5rd8kbVtYrQUlXNGkiScF+qmro6ChuV6ucr6SMwn14o3tB2AXHhhawI1zl4E+03ywwRtR3HnZdeBvU1bY7leJLRJZomODnta8MHHZznkMjkt2uY52GxVkiqYYEqEk4FR1DQR2u8z0kLiY24c3PMAjOFVkZgdY7tDULPCj3akatC3cZQXCC5v2S3uul1gpGg7LnZeexo5reNuJyIVayoSCFX8+R2BjQxga0Ya0YAXSPFXvqZIAgCAIAgCAIAgCAIAgMZGNkjcx4Ba4YIKC9uJyLUVrdabrJBg9E4l0Z93/C58rMDj2FDVeoiRV1TUi8qIugHigOiWQGr/Z9LBTD7Xo5GYHPa4q6xLxWQ8xVrl16OfpdCh26KSe4U0UQJe+VoaB96qNS6oh6GoejYnK7SxfdZSM/eFkhyOk9Ka74ZAVuZeLTzmzUXLldywm1qq52u3y0wuVtbWOeHFhLGu2cYzzW0r2t+SXI6GnnmR2U+1vuVi2VlHXa4oZrfSClh5dGGhvHZdx4KBqosqKh1ZopIqF7ZXXUn9S3izUF0ENwtLaqbowekMbHcOPDippHsa6zkOdRUtRLHiifZL9VIjSM8FTrSompIOggfC4sjAA2R6vUFFEqLJdC7tBj46NrXrdb/wAkjeNU0NDdailltLJnxuwXnZ9bgD2KR8zWusqFam2dLLEj2vtf7mtoCUT3e6TNZsNkG21v9ILjwWlOt3KpNtdqsijavIlrPVWepu1dFQ0gp6+Mu2pHNBLuOCRx7epTMVquVETiUaiOoZC1Xuu1Tn97FU28VTa5+3UCQh7u3s/DCpSXxLc9JRrHkty9DRytCyMoBlBc6PoWzmjojWztxNUcgebWq9BHhS6nltqVWbJgbohbFOcsIAgCAIAgCAIAgCAIAgCAiNRWaK70JjcAJG8WP62laPYj0spYpal1M/G05XcLfU22oMNTGW8eDup33Ki5itWynq4KmOdt2KamVoWLkxYNQVVjmcYgJYZP44nHGfeD1FSRyKwo1lGypTjwUsB1pa4nuqaWy7NU/m87LfxAyps9qcUQ5265nIjXv4fqVqpvFRW3uO5VnrOZI1wa3gA1pyGhQK9VdiU6kdMyOFYmczb1TqCO/SUz46d8PQtcCHOznOP0W8smMhoKNaVFut7kfZa9tsu1PWujMgicSWg4J4EfmtGLhcilmqiWaJY0W1zY1Jd2Xq5irZC6IdGGbLjnlnj+KzI/GtyOhp1po8CrfifNN3dtluZq3wulBjLNlpxzxx/BI34HXFdTrUR4EWxY5NbWyRxfJY2vc7m5xaSfwU2e3ocxNlTIlkk8kda9UU9vvNfXMoXCOq2dmJjgNjHwWrZUa5VsWJtnvlhZGruKGhb72aHUb7oyNxY97y6La4kOzwz9+PktGvwvxFmalzKZIVXilv8Aw8tQXKK7XR1bDA6HbaA5rnZ4jhn/AAsSOxuub0UDqeLLctyMyoy3cdaC5a9K6Zlq52VdbGWwtO01juBd9/uViKG/Fxxq/aSNRY4l481OksaGtAaMADgrh50yQBAEAQBAEAQBAEAQBAEAQBAaVdbaasYWTRMe08w4ZWFS+ps17mLdq2IOTRtsc7Po+PcHELTKZ0LSV9Qn+4x3LtnsT9ZTJZ0M7xqe4bl2z2B+opks6DeNT3Dcu2ewP1FMlnQbxqe4bl2z2B+opks6DeNT3Dcu2ewP1FMlnQbxqe4bl2z2B+opks6DeNT3Dcu2ewP1FMlnQbxqe4bl2z2B+opks6DeNT3Dcu2ewP1FMlnQbxqe4bl2z2B+opks6DeNT3Dcu2ewP1FMlnQbxqe4bl2z2J+spks6DeNT3G5RaYt1K8Pjpow4cnEZI+aykbU0QikqppEs5yk5HG2NuGgBblczQBAEAQBAEAQBAEAQBAEAQBAEAQBAEAQBAEAQBAEAQBAEAQBAEAQBAEAQBAEAQBAEAQBAEAQBAEAQBAEAQBAEAQBAEAQBAEAQBAEAQBAEAQBAEAQBAEAQBAEAQBAEAQBAEAQBAEAQBAEAQBAEAQBAEAQBAEAQBAEAQBAEAQH/2Q==', '/product/minimalist-fountain-pen', 1, 0, '2026-07-06T09:12:54.000Z');

-- Data for deals
INSERT INTO deals (id, product_id, title, ref, description, original_price, discount, sale_price, expiry_timestamp, is_active, created_at, updated_at) VALUES ('deal-1782731125999', '16', 'Minimalist Fountain Pen', '16', 'Refined matte finish writing instrument with smooth ink delivery.', 45, -99, 1, '1801558800000', 1, '2026-06-29T11:05:25.999Z', '2026-06-29T11:05:25.999Z');
INSERT INTO deals (id, product_id, title, ref, description, original_price, discount, sale_price, expiry_timestamp, is_active, created_at, updated_at) VALUES ('deal-1782732409918', '12', 'Atomic Habits', '12', 'An easy & proven way to build good habits & break bad ones.', 38, -99, 38, '1828605600000', 1, '2026-06-29T11:26:49.918Z', '2026-06-29T11:26:49.918Z');

-- Skipping promotions (no data)

-- Data for carts
INSERT INTO carts (id, user_id, session_id, created_at, updated_at) VALUES (1, 2, NULL, '2026-06-15T08:05:07.000Z', '2026-06-15T08:05:07.000Z');
INSERT INTO carts (id, user_id, session_id, created_at, updated_at) VALUES (2, 3, NULL, '2026-06-25T12:49:19.000Z', '2026-06-25T12:49:19.000Z');
INSERT INTO carts (id, user_id, session_id, created_at, updated_at) VALUES (3, 1, NULL, '2026-06-30T09:46:43.000Z', '2026-06-30T09:46:43.000Z');

-- Skipping cart_items (no data)

-- Data for orders
INSERT INTO orders (id, user_id, external_id, order_number, status, subtotal, shipping_cost, tax, total, shipping_name, shipping_phone, shipping_address, shipping_city, notes, status_updated_at, created_at, updated_at) VALUES (3, NULL, 'order-1782377693708', 'IBN-2026-00001', 'approved_delivered', 237, 0, 0, 237, 'mouHamad ta', '12345678', 'ste 1', '', '', '2026-06-25T08:01:23.000Z', '2026-06-25T07:54:53.000Z', '2026-06-25T07:54:53.000Z');
INSERT INTO orders (id, user_id, external_id, order_number, status, subtotal, shipping_cost, tax, total, shipping_name, shipping_phone, shipping_address, shipping_city, notes, status_updated_at, created_at, updated_at) VALUES (4, NULL, 'order-1782732438736', 'IBN-2026-00002', 'pending_approval_call', 70, 12, 0, 82, 'mouHamad ta', '12345678', 'ste 1', '', '', '1782732438734', '2026-06-29T10:27:18.000Z', '2026-06-29T10:27:18.000Z');
INSERT INTO orders (id, user_id, external_id, order_number, status, subtotal, shipping_cost, tax, total, shipping_name, shipping_phone, shipping_address, shipping_city, notes, status_updated_at, created_at, updated_at) VALUES (5, 1, 'order-1782816439019', 'IBN-2026-00003', 'pending_approval_call', 79, 12, 0, 91, 'Admin', '12345678', 'st2', '', '', '1782816439018', '2026-06-30T09:47:19.000Z', '2026-06-30T09:47:19.000Z');
INSERT INTO orders (id, user_id, external_id, order_number, status, subtotal, shipping_cost, tax, total, shipping_name, shipping_phone, shipping_address, shipping_city, notes, status_updated_at, created_at, updated_at) VALUES (6, NULL, 'order-1782816780139', 'IBN-2026-00004', 'pending_approval_call', 378, 12, 0, 390, 'mouHamad ta', '12345678', 'ste 1', '', '', '1782816780137', '2026-06-30T09:53:00.000Z', '2026-06-30T09:53:00.000Z');

-- Data for order_items
INSERT INTO order_items (id, order_id, product_id, product_name, product_img, unit_price, quantity, subtotal) VALUES (3, 3, 35, 'Matcha Starter Ceremony Kit', 'https://images.unsplash.com/photo-1536256263959-770b48d82b0a?auto=format&fit=crop&w=600&q=80', 79, 3, 237);
INSERT INTO order_items (id, order_id, product_id, product_name, product_img, unit_price, quantity, subtotal) VALUES (4, 5, 35, 'Matcha Starter Ceremony Kit', 'https://images.unsplash.com/photo-1536256263959-770b48d82b0a?auto=format&fit=crop&w=600&q=80', 79, 1, 79);
INSERT INTO order_items (id, order_id, product_id, product_name, product_img, unit_price, quantity, subtotal) VALUES (5, 6, 10, 'The Creative Act: A Way of Being', 'https://images.unsplash.com/photo-1544947950-fa07a98d237f?auto=format&fit=crop&w=600&q=80', 42, 9, 378);

-- Skipping wishlist (no data)

-- Skipping newsletter_subscribers (no data)

-- Data for refresh_tokens
INSERT INTO refresh_tokens (id, user_id, token, expires_at, created_at, revoked_at) VALUES (1, 2, '2427f783257811f3988ab8625f17f1bf5243554b7c631af4849d0ecf2a3f6eb37937365faa0a68fb18c121309f7d0f85ba8e2a73296b7df1958d1f4b29510c85', '2026-07-01T08:33:24.892Z', '2026-06-24T07:33:24.000Z', NULL);
INSERT INTO refresh_tokens (id, user_id, token, expires_at, created_at, revoked_at) VALUES (2, 2, '0967400a5cfbde1c98df26a7f7de51e8395755ee662c4750d1ec310096704892692f4011554f4bcf32e8b68b1d613a13fc5dcd001057dd9e35802721f7f1b5e9', '2026-07-01T09:17:31.308Z', '2026-06-24T08:17:31.000Z', NULL);
INSERT INTO refresh_tokens (id, user_id, token, expires_at, created_at, revoked_at) VALUES (3, 2, '381860c3c5eb30a304ab592dae1967611cd78123ebb144daf6bcef2536904a1679a602e7e3e38a5399969ce5128320978e00363799ff15e2099f64d06a2be02d', '2026-07-01T09:30:50.611Z', '2026-06-24T08:30:50.000Z', NULL);
INSERT INTO refresh_tokens (id, user_id, token, expires_at, created_at, revoked_at) VALUES (4, 2, '4eec922c705f4f15b31405e126cef3205b50d02908ee7ea210cc28478f66408918a8bcae27cc74a4c9cc49aa02a42b04d586904b65aac244cb2428589814b6d3', '2026-07-02T08:28:09.819Z', '2026-06-25T07:28:09.000Z', NULL);
INSERT INTO refresh_tokens (id, user_id, token, expires_at, created_at, revoked_at) VALUES (5, 2, '12129759156d27c8eaf24a05aa8ebace33ec6662a0b2c181eb6f9bb7c7ebc6b79c0a8f3d6be0b2ade92f647231cf51bba77489781b2545a67afcbef60cdab137', '2026-07-02T11:39:37.558Z', '2026-06-25T10:39:37.000Z', NULL);
INSERT INTO refresh_tokens (id, user_id, token, expires_at, created_at, revoked_at) VALUES (6, 2, 'd605b3aedb86c9dd14fce8644f05ceb677118c2d4b848d523d1859bda2932369902211b45048e66054cd06b24b5f9ea50968cb67109b5170c561431ca5349afd', '2026-07-02T12:52:09.634Z', '2026-06-25T11:52:09.000Z', NULL);
INSERT INTO refresh_tokens (id, user_id, token, expires_at, created_at, revoked_at) VALUES (7, 2, 'b81ad56c480ea176b7bbe3f623d653ec84bead7b318a1cdb8b580e24b00d3d5b53b45fe3ffb3a1c96d3f27c3b6363b038f854b148c13b86778d474ee9d338688', '2026-07-02T13:41:50.526Z', '2026-06-25T12:41:50.000Z', NULL);
INSERT INTO refresh_tokens (id, user_id, token, expires_at, created_at, revoked_at) VALUES (8, 3, '7e6c46d5f4f6b53114167db36fba224a4d7d2f7beda8b0aa7776ac1ba59b15b1acf585360ebddef0c2418ad8b7abb3c076d91978719b8be75f97d9cd90b3286d', '2026-07-02T13:49:18.661Z', '2026-06-25T12:49:18.000Z', NULL);
INSERT INTO refresh_tokens (id, user_id, token, expires_at, created_at, revoked_at) VALUES (9, 2, 'c5a0e8aa45317b3ff3799ce5375dbaed5a60e845d40f0a8caf5c32115fcf8f5bc711aa39eac77b9104c90112c1ccf47337eef4c510bfa91a5adf442c30bc1931', '2026-07-02T14:21:30.578Z', '2026-06-25T13:21:30.000Z', NULL);
INSERT INTO refresh_tokens (id, user_id, token, expires_at, created_at, revoked_at) VALUES (10, 2, '996ae408a69ca6d515f3d3b478d0ea3d26d437fb3982089b89556e64f6b7e4b054679b10eb2fad273d604b4d59eed4a6b3a903752aea71cae72f2626838e1f79', '2026-07-03T09:21:22.621Z', '2026-06-26T08:21:22.000Z', NULL);
INSERT INTO refresh_tokens (id, user_id, token, expires_at, created_at, revoked_at) VALUES (11, 2, '52f2b0a00c7b30b4a468c52e7332f81f8d6606d8719c744bbd52182e9c4c01e911f1a58e33552d5a6d0d0b98a230365a959fbf0d1f3d6b42429ccbfbe9960ea0', '2026-07-03T13:52:03.668Z', '2026-06-26T12:52:03.000Z', NULL);
INSERT INTO refresh_tokens (id, user_id, token, expires_at, created_at, revoked_at) VALUES (12, 2, '8fb519df29393b46189d8d61aa9dab88b0f005b45e3859a493d0c25390c7a5dd6cfed8c86604a491df789f540c0fc7f8b77318c0d26eb118fc495ab371a6e8d6', '2026-07-03T13:52:53.634Z', '2026-06-26T12:52:53.000Z', NULL);
INSERT INTO refresh_tokens (id, user_id, token, expires_at, created_at, revoked_at) VALUES (13, 2, '678239756a5252c379981fc45d1097f250d84094534c56c390b19083a4f049032f94322cfad00cbc1b66685614aafef5583cb4dffd9989c65765bc1223d6a9a4', '2026-07-03T14:46:58.140Z', '2026-06-26T13:46:58.000Z', NULL);
INSERT INTO refresh_tokens (id, user_id, token, expires_at, created_at, revoked_at) VALUES (14, 2, 'cc7ebce115e3f06047fcf01b214fc231b08f308e2451779f919a528a24f403b44d70042b953dd447d1a4738b568e9c57c501830593d818e85942f4761802655f', '2026-07-03T15:52:01.320Z', '2026-06-26T14:52:01.000Z', NULL);
INSERT INTO refresh_tokens (id, user_id, token, expires_at, created_at, revoked_at) VALUES (15, 2, '6e9886c24324deb1fb35bc5fbcbd7368564b29f40a82c415e18448c2c6a4fbadc051ffea2bd08d78c03a2f81e559ac44f97d6a581e24ee33a9026e03410a914b', '2026-07-06T08:02:37.680Z', '2026-06-29T07:02:37.000Z', NULL);
INSERT INTO refresh_tokens (id, user_id, token, expires_at, created_at, revoked_at) VALUES (16, 2, 'a70c220d29441f3a7ca3879252e5bbbb8b1e947d98efa74ec17f95c5544e1f48b887b078083a948cb3d10af710235a130a2b1faf3c303880cb13d3a856a07192', '2026-07-06T08:35:41.380Z', '2026-06-29T07:35:41.000Z', NULL);
INSERT INTO refresh_tokens (id, user_id, token, expires_at, created_at, revoked_at) VALUES (17, 2, '3c2530b235b1f5b5c5654093035c26f896b1c464c5d02072c86bb656aea4f3bc83f233174ce848d92953ed268db9360ac5dfc67a2e9b9950b712bb05e103edce', '2026-07-06T09:36:19.512Z', '2026-06-29T08:36:19.000Z', NULL);
INSERT INTO refresh_tokens (id, user_id, token, expires_at, created_at, revoked_at) VALUES (18, 2, 'bb2a09c049c71698e2dd4b74220e7f184c90091912dc742ba22849ef046d883d99a32f73647450e5ce7000f4af20cdcaea17410301255a24a8ae850432d3eec1', '2026-07-06T10:27:28.664Z', '2026-06-29T09:27:28.000Z', NULL);
INSERT INTO refresh_tokens (id, user_id, token, expires_at, created_at, revoked_at) VALUES (19, 2, '4b11b68e6060a472a6941d20862d469e31a8eca71c773cac25ae74c688a5af9bd930a0a72dfa1acaa8df88617344a5c745b547e5f834dd48f8dbf6e7e6784669', '2026-07-06T11:30:06.411Z', '2026-06-29T10:30:06.000Z', NULL);
INSERT INTO refresh_tokens (id, user_id, token, expires_at, created_at, revoked_at) VALUES (20, 2, '49fa923ad3121f3ba12415db14dd9436bed4ec8bb4e6f8850e51ec366fd99a6819108cef354fef0e27f9ac9a7b6e4ee34d591c04616f389f90130098dbd9b41c', '2026-07-06T12:39:38.531Z', '2026-06-29T11:39:38.000Z', NULL);
INSERT INTO refresh_tokens (id, user_id, token, expires_at, created_at, revoked_at) VALUES (21, 2, 'dc8d3b8aea71a294c09ee74c539144734ce667f55a99b5e0f1915b436a91c62595852a7c5e296e6c062f1cf69e4e8e342765a66a03bb5f1a168a1898bf55da34', '2026-07-07T10:42:51.502Z', '2026-06-30T09:42:51.000Z', NULL);
INSERT INTO refresh_tokens (id, user_id, token, expires_at, created_at, revoked_at) VALUES (22, 1, '89638ba74f06b19ff2c1ec67745a7acc8521c6404de50e247d62051b980e6f69de5d5ecf14e5b3e1280f94eac51d9704be9049c5db61539fcd11f2ef175eee07', '2026-07-07T10:46:42.995Z', '2026-06-30T09:46:42.000Z', NULL);
INSERT INTO refresh_tokens (id, user_id, token, expires_at, created_at, revoked_at) VALUES (23, 1, '28d21160d70ef9b35d07bf1148c7bcba1a0aaa9d090e6f6fc1729ee2f7a23e18d015bdb0f993d61cb343a9c0f3a2bcee07e7d271349cee1735902770789038c3', '2026-07-07T10:53:23.539Z', '2026-06-30T09:53:23.000Z', NULL);
INSERT INTO refresh_tokens (id, user_id, token, expires_at, created_at, revoked_at) VALUES (24, 2, '3176e672814132631495a2edec1176253462a200e45b7cdf33ffa48eda9caffdf260fccae038eaed7b70c358fd64f3be940f3263db62429ec6dc1b3ebd202d53', '2026-07-07T11:05:25.339Z', '2026-06-30T10:05:25.000Z', NULL);
INSERT INTO refresh_tokens (id, user_id, token, expires_at, created_at, revoked_at) VALUES (25, 3, '73fc15e3bbcf25eb2ab5ec56c3e5c73877fe5656e0b6f0d256a8cd3b49c20c68145167876534947abec82b531229e07914a0dc6d36d4e8b4510c51331f3f5649', '2026-07-07T11:06:06.031Z', '2026-06-30T10:06:06.000Z', NULL);
INSERT INTO refresh_tokens (id, user_id, token, expires_at, created_at, revoked_at) VALUES (26, 2, 'd7f3f65a4675dfd332b8e19cc82f93d2eeff54abce9745998b3f80f935f8c2962c04b3937cc1bdb74848a18a9154e88f30ace47dfceeb53eab9902bdb766ea9b', '2026-07-10T10:47:52.962Z', '2026-07-03T09:47:52.000Z', NULL);
INSERT INTO refresh_tokens (id, user_id, token, expires_at, created_at, revoked_at) VALUES (27, 2, '17e24d2ab507a19fde80ab5337ad762cc0af8a551591866700b21847dc8d7dd570d4363cf9b6a4b6ced22ade8cad64f00038eb09dc7ad71f2db0925fc7354f26', '2026-07-10T11:56:17.574Z', '2026-07-03T10:56:17.000Z', NULL);
INSERT INTO refresh_tokens (id, user_id, token, expires_at, created_at, revoked_at) VALUES (28, 2, '7f966e095a219109171c6e5688353cc21acfe6130842a7a5e9b1f7274d2519443b2e6dc310ba655ad8ef0e99b19b3c016fcf22bdc7d81c8e807d4618c2898ec4', '2026-07-13T08:41:49.859Z', '2026-07-06T07:41:49.000Z', NULL);
INSERT INTO refresh_tokens (id, user_id, token, expires_at, created_at, revoked_at) VALUES (29, 2, '3ef5181c51036b171c01476c86f26f92f08c8802183639edbf9032719c514d6242f654b48e46907ca4661262d886e6ad77205ea33231053fc92256f5197da433', '2026-07-13T09:18:45.764Z', '2026-07-06T08:18:45.000Z', NULL);
INSERT INTO refresh_tokens (id, user_id, token, expires_at, created_at, revoked_at) VALUES (30, 2, '8624cb53700cda580fa039ee3fd2d3a479b3bb31b2adef8c928e9428f87d07761f27b82f50ff4d9ed1c5bca998ff3418b18c5fb9af2c3b41c86625b948614558', '2026-07-13T10:38:13.729Z', '2026-07-06T09:38:13.000Z', NULL);
INSERT INTO refresh_tokens (id, user_id, token, expires_at, created_at, revoked_at) VALUES (31, 2, '1aa2af3872ddc1b0263e4f14fb74d0bca4b42da7fbff1f0aab60f153728161764998dc7eb63e0c6bd1c22408097e9e7e24d13e83def4a09039688f146e3bd770', '2026-07-14T13:28:02.741Z', '2026-07-07T12:28:02.000Z', NULL);
INSERT INTO refresh_tokens (id, user_id, token, expires_at, created_at, revoked_at) VALUES (32, 2, 'da9fe69a016b2d742f39c56284aead627efd706d06691cb0d84d352150f647a573436df558933c10589c7e1e71060a5123b440daa82347791d1d3b57e7bfb4ca', '2026-07-14T13:35:03.076Z', '2026-07-07T12:35:03.000Z', NULL);

